<manifest><control namespace="PCFSubMenu" constructor="PCFSubMenuCmp" version="0.0.8" display-name-key="PCFSubMenuCmp" description-key="PCFSubMenuCmp description" control-type="standard" api-version="1.3.18"><external-service-usage enabled="false" /><property name="menuItems" display-name-key="Menu Items JSON" description-key="Menu configuration" of-type="SingleLine.Text" usage="input" required="false" /><property name="backgroundColor" display-name-key="Background Color" description-key="Background color of the button" of-type="SingleLine.Text" usage="input" required="false" /><property name="buttonWidth" display-name-key="Button Width" description-key="Width of the white part" of-type="SingleLine.Text" usage="input" required="false" /><property name="buttonHeight" display-name-key="Button Height" description-key="Height of the white part" of-type="SingleLine.Text" usage="input" required="false" /><property name="borderRadius" display-name-key="Border Radius" description-key="Border radius of the white part" of-type="SingleLine.Text" usage="input" required="false" /><property name="onAction" display-name-key="On Action" description-key="Selected action key" of-type="SingleLine.Text" usage="output" /><resources><code path="bundle.js" order="1" /></resources><feature-usage /><built-by name="pac" version="1.51.1" /></control></manifest>