<manifest><control namespace="PCFSubMenu" constructor="PCFSubMenuCmp" version="0.0.6" display-name-key="PCFSubMenuCmp" description-key="PCFSubMenuCmp description" control-type="standard" api-version="1.3.18"><external-service-usage enabled="false" /><property name="menuItems" display-name-key="Menu Items JSON" description-key="Menu configuration" of-type="SingleLine.Text" usage="input" required="false" /><property name="onAction" display-name-key="On Action" description-key="Selected action key" of-type="SingleLine.Text" usage="output" /><resources><code path="bundle.js" order="1" /></resources><feature-usage /><built-by name="pac" version="1.51.1" /></control></manifest>