<manifest><control namespace="HeaderNamespace" constructor="PowerHeader" version="0.0.2" display-name-key="PowerHeader" description-key="PowerHeader description" control-type="virtual" api-version="1.3.18"><external-service-usage enabled="false" /><property name="Username" display-name-key="Username" description-key="Username of the user" of-type="SingleLine.Text" usage="input" required="true" /><property name="Designation" display-name-key="Designation" description-key="Designation of the user" of-type="SingleLine.Text" usage="input" required="true" /><property name="ProfileImageUrl" display-name-key="Profile Image URL" description-key="URL for the user profile image" of-type="SingleLine.Text" usage="input" required="false" /><property name="UserRole" display-name-key="User Role" description-key="Role of the user (Employee or Admin)" of-type="SingleLine.Text" usage="input" required="true" /><property name="NotificationCount" display-name-key="Notification Count" description-key="Number of notifications" of-type="Whole.None" usage="input" required="false" /><property name="HeaderBackground" display-name-key="Header Background Color" description-key="Hex color for header background" of-type="SingleLine.Text" usage="input" required="false" /><property name="IconColor" display-name-key="Icon Color" description-key="Hex color for icons" of-type="SingleLine.Text" usage="input" required="false" /><property name="RoleBackgroundColor" display-name-key="Role Background Color" description-key="Hex color for role tag background" of-type="SingleLine.Text" usage="input" required="false" /><property name="RoleTextColor" display-name-key="Role Text Color" description-key="Hex color for role tag text" of-type="SingleLine.Text" usage="input" required="false" /><property name="ShowCart" display-name-key="Show Cart" description-key="Toggle cart icon visibility" of-type="TwoOptions" usage="input" required="false" /><property name="ShowNotification" display-name-key="Show Notification" description-key="Toggle notification icon visibility" of-type="TwoOptions" usage="input" required="false" /><resources><code path="bundle.js" order="1" /><platform-library name="React" version="16.14.0" /><platform-library name="Fluent" version="8.106.4" /></resources><feature-usage /><built-by name="pac" version="1.51.1" /></control></manifest>