<manifest><control namespace="PopUpComponent" constructor="DynamicPopUp" version="0.0.6" display-name-key="DynamicPopUp" description-key="DynamicPopUp description" control-type="virtual" api-version="1.3.18"><external-service-usage enabled="false" /><property name="IconIsVisiblecaution" display-name-key="Show Icon" description-key="Show or hide icon" of-type="TwoOptions" usage="bound" required="false" /><property name="selectedReason" display-name-key="Selected Reason" description-key="Selected value from reason dropdown" of-type="SingleLine.Text" usage="bound" required="false" /><property name="IconIsVisiblecancel" display-name-key="Show Icon" description-key="Show or hide icon" of-type="TwoOptions" usage="bound" required="false" /><property name="cancelIconVisible" display-name-key="Show Icon" description-key="Show or hide icon" of-type="TwoOptions" usage="bound" required="false" /><property name="sampleProperty" display-name-key="Primary Label" description-key="Text for first label" of-type="SingleLine.Text" usage="bound" required="false" /><property name="messageText" display-name-key="Message Text" description-key="Dynamic message text" of-type="SingleLine.Text" usage="bound" required="false" /><property name="popupVisible" display-name-key="Popup Visible" description-key="Show or hide popup" of-type="TwoOptions" usage="bound" required="false" /><property name="messageVisible" display-name-key="Show Message" description-key="Show or hide message" of-type="TwoOptions" usage="bound" required="false" /><property name="messageFontSize" display-name-key="Message Font Size" description-key="Font size (e.g. 14px)" of-type="SingleLine.Text" usage="bound" required="false" /><property name="messageFontColor" display-name-key="Message Font Color" description-key="Font color" of-type="SingleLine.Text" usage="bound" required="false" /><property name="messageFontStyle" display-name-key="Message Font Style" description-key="normal | italic" of-type="SingleLine.Text" usage="bound" required="false" /><property name="messageFontWeight" display-name-key="Message Font Weight" description-key="normal | bold | 600" of-type="SingleLine.Text" usage="bound" required="false" /><property name="secondmessageVisible" display-name-key="Show Second Message" description-key="Show or hide second message" of-type="TwoOptions" usage="bound" required="false" /><property name="secondmessageFontSize" display-name-key="Second Message Font Size" of-type="SingleLine.Text" usage="bound" required="false" /><property name="secondmessageFontColor" display-name-key="Second Message Font Color" of-type="SingleLine.Text" usage="bound" required="false" /><property name="secondmessageFontStyle" display-name-key="Second Message Font Style" of-type="SingleLine.Text" usage="bound" required="false" /><property name="secondmessageFontWeight" display-name-key="Second Message Font Weight" of-type="SingleLine.Text" usage="bound" required="false" /><property name="actionButtonVisible" display-name-key="Show Action Buttons" description-key="Show Save / Cancel buttons" of-type="TwoOptions" usage="bound" required="false" /><property name="saveButtonText" display-name-key="Save Button Text" of-type="SingleLine.Text" usage="bound" required="false" /><property name="cancelButtonText" display-name-key="Cancel Button Text" of-type="SingleLine.Text" usage="bound" required="false" /><property name="saveButtonColor" display-name-key="Save Button Color" of-type="SingleLine.Text" usage="bound" required="false" /><property name="cancelButtonColor" display-name-key="Cancel Button Color" of-type="SingleLine.Text" usage="bound" required="false" /><property name="buttonFontSize" display-name-key="Button Font Size" of-type="SingleLine.Text" usage="bound" required="false" /><property name="buttonFontColor" display-name-key="Button Font Color" of-type="SingleLine.Text" usage="bound" required="false" /><property name="buttonFontStyle" display-name-key="Button Font Style" of-type="SingleLine.Text" usage="bound" required="false" /><property name="buttonFontWeight" display-name-key="Button Font Weight" of-type="SingleLine.Text" usage="bound" required="false" /><property name="buttonBorderRadius" display-name-key="Button Border Radius" of-type="SingleLine.Text" usage="bound" required="false" /><property name="showReasonInputBox" display-name-key="Show Reason Dropdown" description-key="Display reason dropdown" of-type="TwoOptions" usage="bound" required="false" /><property name="reasonOptions" display-name-key="Reason Options" description-key="Comma separated dropdown values" of-type="SingleLine.Text" usage="bound" required="false" /><property name="saveClicked" display-name-key="Save Clicked" description-key="Triggered when Save button is clicked" of-type="TwoOptions" usage="bound" required="false" /><resources><code path="bundle.js" order="1" /><platform-library name="React" version="16.14.0" /><platform-library name="Fluent" version="8.121.1" /></resources><feature-usage /><built-by name="pac" version="1.51.1" /></control></manifest>