<?xml version="1.0" encoding="UTF-8" standalone="yes"?>
<manifest>
  <control namespace="CardGallery" constructor="CardGalleryControl" version="0.0.12" display-name-key="CardGalleryControl" description-key="CardGalleryControl description" control-type="virtual" api-version="1.3.18">
    <property name="cardsJson" display-name-key="Cards JSON" description-key="JSON defining sections and cards" of-type="SingleLine.Text" usage="bound" required="true"/>
    <property name="cardsPerRow" display-name-key="Cards Per Row" description-key="Number of cards to show per row" of-type="Whole.None" usage="input" required="false"/>
    <property name="titleFontSize" display-name-key="Title Font Size" description-key="Font size for the card title" of-type="Whole.None" usage="input" required="false"/>
    <property name="titleFontColor" display-name-key="Title Font Color" description-key="Font color for the card title" of-type="SingleLine.Text" usage="input" required="false"/>
    <property name="titleFontFamily" display-name-key="Title Font Family" description-key="Font family for the card title" of-type="SingleLine.Text" usage="input" required="false"/>
    <property name="titleFontWeight" display-name-key="Title Font Weight" description-key="Font weight for the card title" of-type="SingleLine.Text" usage="input" required="false"/>
    <property name="subtitleFontSize" display-name-key="Subtitle Font Size" description-key="Font size for the card subtitle" of-type="Whole.None" usage="input" required="false"/>
    <property name="subtitleFontColor" display-name-key="Subtitle Font Color" description-key="Font color for the card subtitle" of-type="SingleLine.Text" usage="input" required="false"/>
    <property name="subtitleFontFamily" display-name-key="Subtitle Font Family" description-key="Font family for the card subtitle" of-type="SingleLine.Text" usage="input" required="false"/>
    <property name="subtitleFontWeight" display-name-key="Subtitle Font Weight" description-key="Font weight for the card subtitle" of-type="SingleLine.Text" usage="input" required="false"/>
    <property name="showIcon" display-name-key="Show Icon" description-key="Show or hide icons in cards" of-type="TwoOptions" usage="input" required="false"/>
    <property name="svgIcon" display-name-key="SVG Icon" description-key="Global SVG icon string (or used as fallback)" of-type="SingleLine.Text" usage="input" required="false"/>
    <property name="selectedActionKey" display-name-key="Selected Action Key" description-key="Returns clicked card key" of-type="SingleLine.Text" usage="output"/>
    <property name="cardOperation" display-name-key="Card Operation" description-key="Returns operation type (e.g. VIEW)" of-type="SingleLine.Text" usage="output"/>
    <resources>
      <code path="bundle.js" order="1"/>
      <platform-library name="React" version="16.14.0"/>
      <platform-library name="Fluent" version="8.29.0"/>
    </resources>
    <feature-usage/>
    <built-by name="pac" version="1.51.1"/>
  </control>
</manifest>