<manifest><control namespace="FluentUIControls" constructor="ProgressBar" version="0.0.1" display-name-key="ProgressBar" description-key="ProgressBar description" control-type="virtual" api-version="1.3.18"><external-service-usage enabled="false" /><property name="items" display-name-key="ItemsJson" description-key="JSON array of items" of-type="SingleLine.Text" usage="bound" required="true" /><property name="activeColor" display-name-key="Active Color" description-key="Color for completed and active states (e.g., #d13438)" of-type="SingleLine.Text" usage="bound" required="false" /><resources><code path="bundle.js" order="1" /><css path="style.css" order="1" /><platform-library name="React" version="16.8.6" /><platform-library name="Fluent" version="8.29.0" /></resources><feature-usage /><built-by name="pac" version="1.51.1" /></control></manifest>