<manifest><control namespace="navbar" constructor="navbar" version="0.0.20" display-name-key="navbar" description-key="navbar description" control-type="virtual" api-version="1.3.18"><external-service-usage enabled="false" /><property name="navItems" display-name-key="Navigation Items" description-key="JSON string representing navigation items" of-type="SingleLine.Text" usage="bound" required="true" /><property name="defaultSelectedId" display-name-key="Default Selected ID" description-key="The default selected item ID (optional)" of-type="Whole.None" usage="bound" required="false" /><property name="selectedId" display-name-key="Selected ID" description-key="The ID of the currently selected item" of-type="Whole.None" usage="output" required="false" /><property name="showTopLogo" display-name-key="Show Top Logo" description-key="Whether to show the top logo" of-type="TwoOptions" usage="bound" required="false" default-value="true" /><property name="showBottomLogo" display-name-key="Show Bottom Logo" description-key="Whether to show the bottom image/promo" of-type="TwoOptions" usage="bound" required="false" default-value="true" /><property name="galExpandWidth" display-name-key="Gallery Expand Width" description-key="The width of the navbar when expanded" of-type="Whole.None" usage="bound" required="false" default-value="260" /><property name="NavbarCollapsedWidth" display-name-key="Navbar Collapsed Width" description-key="The width of the navbar when collapsed" of-type="Whole.None" usage="bound" required="false" default-value="80" /><property name="NavbarMaxExpandWidth" display-name-key="Navbar Max Expand Width" description-key="The width of the navbar when expanded" of-type="Whole.None" usage="bound" required="false" default-value="270" /><property name="NavbarHeight" display-name-key="Navbar Height" description-key="The height of the navbar" of-type="Whole.None" usage="bound" required="false" default-value="800" /><property name="CurrentWidth" display-name-key="Current Width" description-key="The current width of the navbar" of-type="Whole.None" usage="output" required="false" /><property name="isNavbarExpand" display-name-key="Is Navbar Expanded" description-key="True if the navbar is expanded, false otherwise" of-type="TwoOptions" usage="output" required="false" /><resources><code path="bundle.js" order="1" /><platform-library name="React" version="16.14.0" /><platform-library name="Fluent" version="9.46.2" /></resources><feature-usage><uses-feature name="common-event.OnSelect" required="false" /></feature-usage><built-by name="pac" version="1.51.1" /></control></manifest>