<ImportExportXml version="9.2.25122.162" SolutionPackageVersion="9.2" languagecode="1033" generatedBy="CrmLive" xmlns:xsi="http://www.w3.org/2001/XMLSchema-instance" OrganizationVersion="9.2.25122.162" OrganizationSchemaType="Full" CRMServerServiceabilityVersion="9.2.25122.00162">
  <SolutionManifest>
    <UniqueName>FluentUIComponts</UniqueName>
    <LocalizedNames>
      <LocalizedName description="FluentUI Component" languagecode="1033" />
    </LocalizedNames>
    <Descriptions />
    <Version>1.0.0.26</Version>
    <Managed>0</Managed>
    <Publisher>
      <UniqueName>Hayyak</UniqueName>
      <LocalizedNames>
        <LocalizedName description="Hayyak" languagecode="1033" />
      </LocalizedNames>
      <Descriptions>
        <Description description="Hayyak" languagecode="1033" />
      </Descriptions>
      <EMailAddress xsi:nil="true"></EMailAddress>
      <SupportingWebsiteUrl xsi:nil="true"></SupportingWebsiteUrl>
      <CustomizationPrefix>eand</CustomizationPrefix>
      <CustomizationOptionValuePrefix>68463</CustomizationOptionValuePrefix>
      <Addresses>
        <Address>
          <AddressNumber>1</AddressNumber>
          <AddressTypeCode>1</AddressTypeCode>
          <City xsi:nil="true"></City>
          <County xsi:nil="true"></County>
          <Country xsi:nil="true"></Country>
          <Fax xsi:nil="true"></Fax>
          <FreightTermsCode xsi:nil="true"></FreightTermsCode>
          <ImportSequenceNumber xsi:nil="true"></ImportSequenceNumber>
          <Latitude xsi:nil="true"></Latitude>
          <Line1 xsi:nil="true"></Line1>
          <Line2 xsi:nil="true"></Line2>
          <Line3 xsi:nil="true"></Line3>
          <Longitude xsi:nil="true"></Longitude>
          <Name xsi:nil="true"></Name>
          <PostalCode xsi:nil="true"></PostalCode>
          <PostOfficeBox xsi:nil="true"></PostOfficeBox>
          <PrimaryContactName xsi:nil="true"></PrimaryContactName>
          <ShippingMethodCode>1</ShippingMethodCode>
          <StateOrProvince xsi:nil="true"></StateOrProvince>
          <Telephone1 xsi:nil="true"></Telephone1>
          <Telephone2 xsi:nil="true"></Telephone2>
          <Telephone3 xsi:nil="true"></Telephone3>
          <TimeZoneRuleVersionNumber xsi:nil="true"></TimeZoneRuleVersionNumber>
          <UPSZone xsi:nil="true"></UPSZone>
          <UTCOffset xsi:nil="true"></UTCOffset>
          <UTCConversionTimeZoneCode xsi:nil="true"></UTCConversionTimeZoneCode>
        </Address>
        <Address>
          <AddressNumber>2</AddressNumber>
          <AddressTypeCode>1</AddressTypeCode>
          <City xsi:nil="true"></City>
          <County xsi:nil="true"></County>
          <Country xsi:nil="true"></Country>
          <Fax xsi:nil="true"></Fax>
          <FreightTermsCode xsi:nil="true"></FreightTermsCode>
          <ImportSequenceNumber xsi:nil="true"></ImportSequenceNumber>
          <Latitude xsi:nil="true"></Latitude>
          <Line1 xsi:nil="true"></Line1>
          <Line2 xsi:nil="true"></Line2>
          <Line3 xsi:nil="true"></Line3>
          <Longitude xsi:nil="true"></Longitude>
          <Name xsi:nil="true"></Name>
          <PostalCode xsi:nil="true"></PostalCode>
          <PostOfficeBox xsi:nil="true"></PostOfficeBox>
          <PrimaryContactName xsi:nil="true"></PrimaryContactName>
          <ShippingMethodCode>1</ShippingMethodCode>
          <StateOrProvince xsi:nil="true"></StateOrProvince>
          <Telephone1 xsi:nil="true"></Telephone1>
          <Telephone2 xsi:nil="true"></Telephone2>
          <Telephone3 xsi:nil="true"></Telephone3>
          <TimeZoneRuleVersionNumber xsi:nil="true"></TimeZoneRuleVersionNumber>
          <UPSZone xsi:nil="true"></UPSZone>
          <UTCOffset xsi:nil="true"></UTCOffset>
          <UTCConversionTimeZoneCode xsi:nil="true"></UTCConversionTimeZoneCode>
        </Address>
      </Addresses>
    </Publisher>
    <RootComponents>
      <RootComponent type="61" schemaName="poc_copyalt" behavior="0" />
      <RootComponent type="61" schemaName="poc_GallerySorted" behavior="0" />
      <RootComponent type="61" schemaName="poc_Gallery_Final_V1" behavior="0" />
      <RootComponent type="66" schemaName="eand_AsimFilter.BoxFilterControl" behavior="0" />
      <RootComponent type="66" schemaName="eand_backbutton.backbutton" behavior="0" />
      <RootComponent type="66" schemaName="eand_buttonoptions.buttonoptions" behavior="0" />
      <RootComponent type="66" schemaName="eand_buttonPCF.buttonPCF" behavior="0" />
      <RootComponent type="66" schemaName="eand_CardGallery.CardGalleryControl" behavior="0" />
      <RootComponent type="66" schemaName="eand_confirmationPopUp.confirmationPopUp" behavior="0" />
      <RootComponent type="66" schemaName="eand_DynamicForms.DynamicFormControl" behavior="0" />
      <RootComponent type="66" schemaName="eand_FluentUIControls.ProgressBar" behavior="0" />
      <RootComponent type="66" schemaName="eand_Hayyak.Advertisement" behavior="0" />
      <RootComponent type="66" schemaName="eand_Hayyak.Announcements" behavior="0" />
      <RootComponent type="66" schemaName="eand_Hayyak.MyFavoriteServices" behavior="0" />
      <RootComponent type="66" schemaName="eand_Hayyak.SearchComponent" behavior="0" />
      <RootComponent type="66" schemaName="eand_HayyakPCFComponents.MyLeaves" behavior="0" />
      <RootComponent type="66" schemaName="eand_HeaderNamespace.PowerHeader" behavior="0" />
      <RootComponent type="66" schemaName="eand_IframeGallery.IframeGalleryControl" behavior="0" />
      <RootComponent type="66" schemaName="eand_navbar.navbar" behavior="0" />
      <RootComponent type="66" schemaName="eand_PCFSubMenu.PCFSubMenuCmp" behavior="0" />
      <RootComponent type="66" schemaName="eand_PopUpComponent.DynamicPopUp" behavior="0" />
      <RootComponent type="66" schemaName="eand_progressBar.progressBar" behavior="0" />
      <RootComponent type="66" schemaName="eand_stepperbar.stepperbar" behavior="0" />
      <RootComponent type="66" schemaName="eand_subheaderDetails.subheaderDetails" behavior="0" />
    </RootComponents>
    <MissingDependencies />
  </SolutionManifest>
</ImportExportXml>