<manifest><control namespace="DynamicForms" constructor="DynamicFormControl" version="0.0.17" display-name-key="DynamicFormControl" description-key="DynamicFormControl description" control-type="virtual" api-version="1.3.18"><external-service-usage enabled="false" /><property name="FormConfig" display-name-key="Form Configuration" description-key="JSON configuration defining the form fields and layout" of-type="SingleLine.Text" usage="input" required="true" /><property name="FormData" display-name-key="Form Data" description-key="JSON object containing form field values" of-type="SingleLine.Text" usage="bound" required="false" /><property name="FormValidity" display-name-key="Form Validity" description-key="Boolean indicating whether all form validations pass" of-type="TwoOptions" usage="output" required="false" /><property name="Columns" display-name-key="Columns" description-key="Number of columns (1, 2, 3 or auto)" of-type="SingleLine.Text" usage="input" required="false" /><property name="FormMode" display-name-key="Form Mode" description-key="Mode of the form: new, edit, or view" of-type="SingleLine.Text" usage="input" required="true" /><property name="ResetForm" display-name-key="Reset Form" description-key="Change this value to reset the form to default values" of-type="SingleLine.Text" usage="input" required="false" /><property name="LabelTextColor" display-name-key="Label Text Color" description-key="Hex code or color name for label text" of-type="SingleLine.Text" usage="input" required="false" /><property name="LabelFontFamily" display-name-key="Label Font Family" description-key="Font family for labels (e.g., Segoe UI, Arial)" of-type="SingleLine.Text" usage="input" required="false" /><property name="LabelTextWeight" display-name-key="Label Text Weight" description-key="Font weight for label text (e.g., bold, 600)" of-type="SingleLine.Text" usage="input" required="false" /><property name="LabelTextSize" display-name-key="LabelTextSize" description-key="LabelTextSize" of-type="SingleLine.Text" usage="input" required="false" /><property name="ControlFontFamily" display-name-key="Control Font Family" description-key="Font family for control text (e.g., Segoe UI, Arial)" of-type="SingleLine.Text" usage="input" required="false" /><property name="ControlFontWeight" display-name-key="Control Font Weight" description-key="Font weight for control text (e.g., 400, 600, bold)" of-type="SingleLine.Text" usage="input" required="false" /><property name="ControlFontSize" display-name-key="Control Font Size" description-key="Font size for control text (e.g., 14px, 1rem)" of-type="SingleLine.Text" usage="input" required="false" /><property name="ControlFontColor" display-name-key="Control Font Color" description-key="Font color for control text (e.g., #000000)" of-type="SingleLine.Text" usage="input" required="false" /><property name="ControlBorderColor" display-name-key="ControlBorderColor" description-key="ControlBorderColor" of-type="SingleLine.Text" usage="input" required="false" /><property name="ControlBorderHoverColor" display-name-key="ControlBorderHoverColor" description-key="ControlBorderHoverColor" of-type="SingleLine.Text" usage="input" required="false" /><property name="ControlFocusedBorderColor" display-name-key="ControlFocusedBorderColor" description-key="ControlFocusedBorderColor" of-type="SingleLine.Text" usage="input" required="false" /><property name="ControlBorderThickness" display-name-key="ControlBorderThickness" description-key="ControlBorderThickness" of-type="SingleLine.Text" usage="input" required="false" /><property name="ControlBorderRadius" display-name-key="ControlBorderRadius" description-key="ControlBorderRadius" of-type="SingleLine.Text" usage="input" required="false" /><property name="FormThemeColor" display-name-key="Form Theme Color" description-key="Accent color for icons, checkmarks, and interactive elements (e.g., #E00800)" of-type="SingleLine.Text" usage="input" required="false" /><property name="RadioBtnCheckedBorderColor" display-name-key="Radio Button Checked Border Color" description-key="Border color for checked radio buttons" of-type="SingleLine.Text" usage="input" required="false" /><property name="RadioBtnCheckedFillColor" display-name-key="Radio Button Checked Fill Color" description-key="Fill color for checked radio buttons" of-type="SingleLine.Text" usage="input" required="false" /><property name="RadioBtnUncheckedFillColor" display-name-key="Radio Button Unchecked Fill Color" description-key="Fill color for unchecked radio buttons" of-type="SingleLine.Text" usage="input" required="false" /><property name="RadioBtnUncheckedBorderColor" display-name-key="Radio Button Unchecked Border Color" description-key="Border color for unchecked radio buttons" of-type="SingleLine.Text" usage="input" required="false" /><property name="CheckboxCheckedFillColor" display-name-key="Checkbox Checked Fill Color" description-key="Background color for checked checkbox" of-type="SingleLine.Text" usage="input" required="false" /><property name="CheckboxUncheckedFillColor" display-name-key="Checkbox Unchecked Fill Color" description-key="Background color for unchecked checkbox" of-type="SingleLine.Text" usage="input" required="false" /><property name="CheckboxCheckedColor" display-name-key="Checkbox Checked Color" description-key="Checkmark color for checked checkbox" of-type="SingleLine.Text" usage="input" required="false" /><property name="CheckboxUncheckedColor" display-name-key="Checkbox Unchecked Color" description-key="Border color for unchecked checkbox" of-type="SingleLine.Text" usage="input" required="false" /><property name="CheckboxBorderRadius" display-name-key="Checkbox Border Radius" description-key="Border radius for checkbox (e.g., 2px, 4px)" of-type="SingleLine.Text" usage="input" required="false" /><resources><code path="bundle.js" order="1" /><platform-library name="React" version="16.8.6" /><platform-library name="Fluent" version="8.29.0" /><css path="css/DynamicFormControl.css" order="1" /></resources><feature-usage /><built-by name="pac" version="1.51.1" /></control></manifest>