<manifest><control namespace="backbutton" constructor="backbutton" version="0.0.1" display-name-key="backbutton" description-key="backbutton description" control-type="virtual" api-version="1.3.18"><external-service-usage enabled="false" /><property name="LabelText" display-name-key="Label Text" description-key="The text to display next to the back button" of-type="SingleLine.Text" usage="bound" required="true" /><property name="BackgroundColor" display-name-key="Background Color" description-key="Background color for the component" of-type="SingleLine.Text" usage="bound" required="false" /><property name="FontWeight" display-name-key="Font Weight" description-key="Font weight for the text" of-type="SingleLine.Text" usage="bound" required="false" /><property name="FontColor" display-name-key="Font Color" description-key="Font color for the text" of-type="SingleLine.Text" usage="bound" required="false" /><property name="FontSize" display-name-key="Font Size" description-key="Font size for the text (e.g., 20px)" of-type="SingleLine.Text" usage="bound" required="false" /><property name="ShowButtonIcon" display-name-key="Show Button Icon" description-key="Whether to show the back button icon" of-type="TwoOptions" usage="bound" required="false" /><property name="Trigger" display-name-key="Trigger" description-key="Output property that toggles upon click" of-type="TwoOptions" usage="output" required="true" /><resources><code path="bundle.js" order="1" /><platform-library name="React" version="16.14.0" /><platform-library name="Fluent" version="9.46.2" /></resources><feature-usage /><built-by name="pac" version="1.51.1" /></control></manifest>