<manifest><control namespace="CardGallery" constructor="CardGalleryControl" version="0.0.6" display-name-key="CardGalleryControl" description-key="CardGalleryControl description" control-type="virtual" api-version="1.3.18"><property name="cardsJson" display-name-key="Cards JSON" description-key="JSON defining sections and cards" of-type="SingleLine.Text" usage="bound" required="true" /><property name="cardsPerRow" display-name-key="Cards Per Row" description-key="Number of cards to show per row" of-type="Whole.None" usage="input" required="false" /><property name="selectedActionKey" display-name-key="Selected Action Key" description-key="Returns clicked card key" of-type="SingleLine.Text" usage="output" /><resources><code path="bundle.js" order="1" /><platform-library name="React" version="16.14.0" /><platform-library name="Fluent" version="8.29.0" /></resources><feature-usage /><built-by name="pac" version="1.51.1" /></control></manifest>