<manifest><control namespace="buttonoptions" constructor="buttonoptions" version="0.0.3" display-name-key="buttonoptions" description-key="buttonoptions description" control-type="virtual" api-version="1.3.18"><external-service-usage enabled="false" /><property name="ButtonLabel" display-name-key="Button Label" description-key="Button Label" of-type="SingleLine.Text" usage="bound" required="true" /><property name="ButtonIcon" display-name-key="Button Icon" description-key="SVG or Image URL for the button icon" of-type="SingleLine.Text" usage="bound" required="false" /><property name="OptionsList" display-name-key="Options List" description-key="JSON list of options" of-type="SingleLine.Text" usage="bound" required="true" /><property name="SelectedOption" display-name-key="Selected Option" description-key="The ID or name of the selected option" of-type="SingleLine.Text" usage="output" /><property name="IsExpanded" display-name-key="Is Expanded" description-key="True if the dropdown is open" of-type="TwoOptions" usage="output" /><property name="BackgroundColor" display-name-key="Background Color" description-key="Background color of the component container" of-type="SingleLine.Text" usage="bound" required="false" /><property name="ButtonBackgroundColor" display-name-key="Button Background Color" description-key="Background color of the button" of-type="SingleLine.Text" usage="bound" required="false" /><property name="FontWeight" display-name-key="Font Weight" description-key="Font weight of the button text" of-type="SingleLine.Text" usage="bound" required="false" /><property name="FontSize" display-name-key="Font Size" description-key="Font size of the button text (e.g., 14px)" of-type="SingleLine.Text" usage="bound" required="false" /><property name="BorderColor" display-name-key="Border Color" description-key="Border color of the button" of-type="SingleLine.Text" usage="bound" required="false" /><property name="HoverBorderColor" display-name-key="Hover Border Color" description-key="Border color of the button on hover" of-type="SingleLine.Text" usage="bound" required="false" /><property name="BorderRadius" display-name-key="Border Radius" description-key="Border radius of the button (e.g., 8px)" of-type="SingleLine.Text" usage="bound" required="false" /><property name="FontColor" display-name-key="Font Color" description-key="Font color of the button text" of-type="SingleLine.Text" usage="bound" required="false" /><property name="FontFamily" display-name-key="Font Family" description-key="Font family of the button text" of-type="SingleLine.Text" usage="bound" required="false" /><resources><code path="bundle.js" order="1" /><platform-library name="React" version="16.14.0" /><platform-library name="Fluent" version="9.46.2" /><css path="css/buttonoptions.css" order="1" /></resources><feature-usage /><built-by name="pac" version="1.51.1" /></control></manifest>