<manifest><control namespace="AsimFilter" constructor="BoxFilterControl" version="0.0.6" display-name-key="BoxFilterControl" description-key="BoxFilterControl description" control-type="virtual" api-version="1.3.18"><external-service-usage enabled="false" /><property name="InputJSON" display-name-key="Input JSON" description-key="JSON string containing box data" of-type="Multiple" usage="bound" required="true" /><property name="TotalBoxesCount" display-name-key="Total Boxes Count" description-key="Number of boxes to show" of-type="Whole.None" usage="input" required="true" /><property name="BoxMaxWidth" display-name-key="Box Max Width" description-key="Maximum width for each filter box" of-type="Whole.None" usage="input" required="false" /><property name="BoxHeight" display-name-key="Box Height" description-key="Height for each filter box" of-type="Whole.None" usage="input" required="false" /><property name="TriggerHistoryRedirect" display-name-key="Trigger History Redirect" description-key="Trigger for redirection" of-type="Whole.None" usage="bound" required="false" /><resources><code path="bundle.js" order="1" /><platform-library name="React" version="16.14.0" /><css path="css/BoxFilterControl.css" order="1" /></resources><feature-usage /><built-by name="pac" version="1.51.1" /></control></manifest>