<manifest><control namespace="Hayyak" constructor="Announcements" version="0.0.5" display-name-key="Announcements" description-key="Announcements component" control-type="standard" api-version="1.3.18"><data-set name="announcementsDataSet" display-name-key="Announcements Data Set" /><property name="BackgroundColor" display-name-key="Background Color" description-key="Background color of the component (Hex or RGBA)" of-type="SingleLine.Text" usage="input" required="false" /><resources><code path="bundle.js" order="1" /><css path="css/styles.css" order="1" /></resources><feature-usage /><built-by name="pac" version="1.51.1" /></control></manifest>