<manifest><control namespace="subheaderDetails" constructor="subheaderDetails" version="0.0.1" display-name-key="subheaderDetails" description-key="subheaderDetails description" control-type="virtual" api-version="1.3.18"><external-service-usage enabled="false" /><property name="Title" display-name-key="Title" description-key="The title of the subheader" of-type="SingleLine.Text" usage="input" required="true" /><property name="Description" display-name-key="Description" description-key="The description of the subheader" of-type="SingleLine.Text" usage="input" required="true" /><property name="BackgroundColor" display-name-key="Background Color" description-key="Background color of the component" of-type="SingleLine.Text" usage="input" required="false" /><property name="TitleColor" display-name-key="Title Color" description-key="Font color of the title" of-type="SingleLine.Text" usage="input" required="false" /><property name="TitleWeight" display-name-key="Title Weight" description-key="Font weight of the title" of-type="SingleLine.Text" usage="input" required="false" /><property name="TitleSize" display-name-key="Title Size" description-key="Font size of the title (e.g., 20px)" of-type="SingleLine.Text" usage="input" required="false" /><property name="DescriptionColor" display-name-key="Description Color" description-key="Font color of the description" of-type="SingleLine.Text" usage="input" required="false" /><property name="DescriptionWeight" display-name-key="Description Weight" description-key="Font weight of the description" of-type="SingleLine.Text" usage="input" required="false" /><property name="DescriptionSize" display-name-key="Description Size" description-key="Font size of the description (e.g., 18px)" of-type="SingleLine.Text" usage="input" required="false" /><resources><code path="bundle.js" order="1" /><platform-library name="React" version="16.14.0" /><platform-library name="Fluent" version="9.46.2" /><css path="css/subheaderDetails.css" order="1" /></resources><feature-usage /><built-by name="pac" version="1.51.1" /></control></manifest>