<manifest><control namespace="Hayyak" constructor="MyFavoriteServices" version="0.0.4" display-name-key="MyFavoriteServices" description-key="MyFavoriteServices description" control-type="standard" api-version="1.3.18"><external-service-usage enabled="false" /><property name="controlTitle" display-name-key="ControlTitle_Display_Key" description-key="ControlTitle_Desc_Key" of-type="SingleLine.Text" usage="input" required="false" /><property name="selectedKey" display-name-key="SelectedKey_Display_Key" description-key="SelectedKey_Desc_Key" of-type="SingleLine.Text" usage="bound" required="false" /><data-set name="services" display-name-key="Services_Display_Key"><property-set name="title" display-name-key="Title_Display_Key" description-key="Title_Desc_Key" of-type="SingleLine.Text" usage="bound" required="true" /><property-set name="icon" display-name-key="Icon_Display_Key" description-key="Icon_Desc_Key" of-type="SingleLine.Text" usage="bound" required="true" /><property-set name="actionUrl" display-name-key="ActionUrl_Display_Key" description-key="ActionUrl_Desc_Key" of-type="SingleLine.Text" usage="bound" required="true" /></data-set><data-set name="quickActions" display-name-key="QuickActions_Display_Key"><property-set name="qaTitle" display-name-key="QATitle_Display_Key" description-key="QATitle_Desc_Key" of-type="SingleLine.Text" usage="bound" required="true" /><property-set name="qaActionUrl" display-name-key="QAActionUrl_Display_Key" description-key="QAActionUrl_Desc_Key" of-type="SingleLine.Text" usage="bound" required="true" /></data-set><resources><code path="bundle.js" order="1" /><css path="css/MyFavoriteServices.css" order="1" /></resources><feature-usage /><built-by name="pac" version="1.51.1" /></control></manifest>