<manifest><control namespace="confirmationPopUp" constructor="confirmationPopUp" version="0.0.3" display-name-key="confirmationPopUp" description-key="confirmationPopUp description" control-type="virtual" api-version="1.3.18"><external-service-usage enabled="false" /><property name="Heading" display-name-key="Heading" description-key="The heading of the popup" of-type="SingleLine.Text" usage="bound" required="false" /><property name="Description" display-name-key="Description" description-key="The description of the popup" of-type="SingleLine.Text" usage="bound" required="false" /><property name="ButtonsJson" display-name-key="Buttons JSON" description-key="JSON array of buttons" of-type="SingleLine.Text" usage="bound" required="false" /><property name="SelectedButtonText" display-name-key="Selected Button Text" description-key="The text of the clicked button" of-type="SingleLine.Text" usage="output" /><property name="IsVisible" display-name-key="Is Visible" description-key="Controls if the popup is visible" of-type="TwoOptions" usage="bound" required="false" /><property name="PopUpWidth" display-name-key="PopUp Width" description-key="Width of the popup (e.g., 350px)" of-type="SingleLine.Text" usage="bound" required="false" /><property name="PopUpHeight" display-name-key="PopUp Height" description-key="Height of the popup (e.g., 350px)" of-type="SingleLine.Text" usage="bound" required="false" /><property name="OverlayBackgroundColor" display-name-key="Overlay Background Color" description-key="Background color of the overlay (e.g., rgba(0,0,0,0.4))" of-type="SingleLine.Text" usage="bound" required="false" /><property name="SvgIcon" display-name-key="Svg Icon" description-key="Custom SVG XML string" of-type="SingleLine.Text" usage="bound" required="false" /><resources><code path="bundle.js" order="1" /><platform-library name="React" version="16.14.0" /><platform-library name="Fluent" version="9.46.2" /><css path="styles.css" order="1" /></resources><feature-usage /><built-by name="pac" version="1.51.1" /></control></manifest>