<manifest><control namespace="progressBar" constructor="progressBar" version="0.0.2" display-name-key="progressBar" description-key="progressBar description" control-type="virtual" api-version="1.3.18"><external-service-usage enabled="false" /><property name="currentSection" display-name-key="Current Section" description-key="The current section number (e.g., 1)" of-type="Whole.None" usage="input" required="true" /><property name="totalSections" display-name-key="Total Sections" description-key="The total number of sections (e.g., 3)" of-type="Whole.None" usage="input" required="true" /><property name="title" display-name-key="Title" description-key="The title of the current section" of-type="SingleLine.Text" usage="input" required="true" /><property name="percentageComplete" display-name-key="Percentage Complete" description-key="The completion percentage (0-100)" of-type="Whole.None" usage="input" required="true" /><property name="tabList" display-name-key="Tab List" description-key="JSON array of tab objects: [{&quot;Id&quot;: &quot;1&quot;, &quot;Name&quot;: &quot;Name&quot;}]" of-type="SingleLine.Text" usage="input" required="true" /><property name="selectedTab" display-name-key="Selected Tab Id" description-key="The Id of the selected tab" of-type="SingleLine.Text" usage="bound" required="false" /><property name="isEditable" display-name-key="Is Editable" description-key="Enable tab navigation" of-type="TwoOptions" usage="input" required="false" /><resources><code path="bundle.js" order="1" /><platform-library name="React" version="16.14.0" /><platform-library name="Fluent" version="9.46.2" /><css path="css/progressBar.css" order="1" /></resources><feature-usage /><built-by name="pac" version="1.51.1" /></control></manifest>