<ImportExportXml xmlns:xsi="http://www.w3.org/2001/XMLSchema-instance" OrganizationVersion="9.2.25113.161" OrganizationSchemaType="Full" CRMServerServiceabilityVersion="9.2.25113.00161">
  <Entities></Entities>
  <Roles></Roles>
  <Workflows></Workflows>
  <FieldSecurityProfiles></FieldSecurityProfiles>
  <Templates />
  <EntityMaps />
  <EntityRelationships />
  <OrganizationSettings />
  <optionsets />
  <WebResources>
    <WebResource>
      <WebResourceId>{c82b839b-03dd-f011-8544-7ced8d3cb130}</WebResourceId>
      <Name>poc_copyalt</Name>
      <DisplayName>copy-alt</DisplayName>
      <WebResourceType>11</WebResourceType>
      <IntroducedVersion>1.0.0.0</IntroducedVersion>
      <IsEnabledForMobileClient>1</IsEnabledForMobileClient>
      <IsAvailableForMobileOffline>0</IsAvailableForMobileOffline>
      <IsCustomizable>1</IsCustomizable>
      <CanBeDeleted>1</CanBeDeleted>
      <IsHidden>0</IsHidden>
      <FileName>/WebResources/poc_copyaltC82B839B-03DD-F011-8544-7CED8D3CB130</FileName>
    </WebResource>
    <WebResource>
      <WebResourceId>{0c95390f-0ee4-f011-8544-7ced8d3cb130}</WebResourceId>
      <Name>poc_Gallery_Final_V1</Name>
      <DisplayName>Gallery_Final_V1</DisplayName>
      <LanguageCode>0</LanguageCode>
      <WebResourceType>1</WebResourceType>
      <IntroducedVersion>1.0.0.0</IntroducedVersion>
      <IsEnabledForMobileClient>1</IsEnabledForMobileClient>
      <IsAvailableForMobileOffline>1</IsAvailableForMobileOffline>
      <IsCustomizable>1</IsCustomizable>
      <CanBeDeleted>1</CanBeDeleted>
      <IsHidden>0</IsHidden>
      <FileName>/WebResources/poc_Gallery_Final_V10C95390F-0EE4-F011-8544-7CED8D3CB130</FileName>
    </WebResource>
    <WebResource>
      <WebResourceId>{f7c20564-11e8-f011-8544-7ced8d3cb130}</WebResourceId>
      <Name>poc_GallerySorted</Name>
      <DisplayName>GallerySorted</DisplayName>
      <LanguageCode>1033</LanguageCode>
      <WebResourceType>1</WebResourceType>
      <IntroducedVersion>1.0.0.0</IntroducedVersion>
      <IsEnabledForMobileClient>1</IsEnabledForMobileClient>
      <IsAvailableForMobileOffline>1</IsAvailableForMobileOffline>
      <IsCustomizable>1</IsCustomizable>
      <CanBeDeleted>1</CanBeDeleted>
      <IsHidden>0</IsHidden>
      <FileName>/WebResources/poc_GallerySortedF7C20564-11E8-F011-8544-7CED8D3CB130</FileName>
    </WebResource>
  </WebResources>
  <CustomControls>
    <CustomControl>
      <Name>eand_DynamicForms.DynamicFormControl</Name>
      <FileName>/Controls/eand_DynamicForms.DynamicFormControl/ControlManifest.xml</FileName>
    </CustomControl>
    <CustomControl>
      <Name>eand_IframeGallery.IframeGalleryControl</Name>
      <FileName>/Controls/eand_IframeGallery.IframeGalleryControl/ControlManifest.xml</FileName>
    </CustomControl>
    <CustomControl>
      <Name>eand_HayyakPCFComponents.MyLeaves</Name>
      <FileName>/Controls/eand_HayyakPCFComponents.MyLeaves/ControlManifest.xml</FileName>
    </CustomControl>
    <CustomControl>
      <Name>eand_FluentUIControls.ProgressBar</Name>
      <FileName>/Controls/eand_FluentUIControls.ProgressBar/ControlManifest.xml</FileName>
    </CustomControl>
    <CustomControl>
      <Name>eand_subheaderDetails.subheaderDetails</Name>
      <FileName>/Controls/eand_subheaderDetails.subheaderDetails/ControlManifest.xml</FileName>
    </CustomControl>
    <CustomControl>
      <Name>eand_navbar.navbar</Name>
      <FileName>/Controls/eand_navbar.navbar/ControlManifest.xml</FileName>
    </CustomControl>
    <CustomControl>
      <Name>eand_buttonPCF.buttonPCF</Name>
      <FileName>/Controls/eand_buttonPCF.buttonPCF/ControlManifest.xml</FileName>
    </CustomControl>
    <CustomControl>
      <Name>eand_AsimFilter.BoxFilterControl</Name>
      <FileName>/Controls/eand_AsimFilter.BoxFilterControl/ControlManifest.xml</FileName>
    </CustomControl>
    <CustomControl>
      <Name>eand_PCFSubMenu.PCFSubMenuCmp</Name>
      <FileName>/Controls/eand_PCFSubMenu.PCFSubMenuCmp/ControlManifest.xml</FileName>
    </CustomControl>
    <CustomControl>
      <Name>eand_progressBar.progressBar</Name>
      <FileName>/Controls/eand_progressBar.progressBar/ControlManifest.xml</FileName>
    </CustomControl>
    <CustomControl>
      <Name>eand_HeaderNamespace.PowerHeader</Name>
      <FileName>/Controls/eand_HeaderNamespace.PowerHeader/ControlManifest.xml</FileName>
    </CustomControl>
    <CustomControl>
      <Name>eand_Hayyak.Announcements</Name>
      <FileName>/Controls/eand_Hayyak.Announcements/ControlManifest.xml</FileName>
    </CustomControl>
    <CustomControl>
      <Name>eand_CardGallery.CardGalleryControl</Name>
      <FileName>/Controls/eand_CardGallery.CardGalleryControl/ControlManifest.xml</FileName>
    </CustomControl>
    <CustomControl>
      <Name>eand_Hayyak.Advertisement</Name>
      <FileName>/Controls/eand_Hayyak.Advertisement/ControlManifest.xml</FileName>
    </CustomControl>
    <CustomControl>
      <Name>eand_backbutton.backbutton</Name>
      <FileName>/Controls/eand_backbutton.backbutton/ControlManifest.xml</FileName>
    </CustomControl>
    <CustomControl>
      <Name>eand_Hayyak.MyFavoriteServices</Name>
      <FileName>/Controls/eand_Hayyak.MyFavoriteServices/ControlManifest.xml</FileName>
    </CustomControl>
  </CustomControls>
  <EntityDataProviders />
  <Languages>
    <Language>1033</Language>
  </Languages>
</ImportExportXml>