<manifest><control namespace="stepperbar" constructor="stepperbar" version="0.0.5" display-name-key="stepperbar" description-key="stepperbar description" control-type="virtual" api-version="1.3.18"><external-service-usage enabled="false" /><property name="steps" display-name-key="Steps_Display_Key" description-key="Steps_Desc_Key" of-type="SingleLine.Text" usage="bound" required="true" /><property name="SelectedId" display-name-key="SelectedId_Display_Key" description-key="SelectedId_Desc_Key" of-type="SingleLine.Text" usage="output" /><property name="IsEditable" display-name-key="IsEditable_Display_Key" description-key="IsEditable_Desc_Key" of-type="TwoOptions" usage="bound" required="true" /><property name="selectedTab" display-name-key="selectedTab_Display_Key" description-key="selectedTab_Desc_Key" of-type="SingleLine.Text" usage="bound" /><resources><code path="bundle.js" order="1" /><platform-library name="React" version="16.14.0" /><platform-library name="Fluent" version="9.46.2" /><css path="css/style.css" order="1" /></resources><feature-usage /><built-by name="pac" version="1.51.1" /></control></manifest>