<manifest><control namespace="Hayyak" constructor="SearchComponent" version="0.0.1" display-name-key="SearchComponent" description-key="SearchComponent description" control-type="virtual" api-version="1.3.18"><external-service-usage enabled="false" /><property name="Title" display-name-key="Title" description-key="Title text" of-type="SingleLine.Text" usage="input" required="true" /><property name="Subtitle" display-name-key="Subtitle" description-key="Subtitle text" of-type="SingleLine.Text" usage="input" required="true" /><property name="PlaceholderText" display-name-key="PlaceholderText" description-key="Placeholder text" of-type="SingleLine.Text" usage="input" required="false" /><property name="BackgroundColor" display-name-key="BackgroundColor" description-key="Background color (hex)" of-type="SingleLine.Text" usage="input" required="false" /><property name="SearchText" display-name-key="SearchText" description-key="Bound search text" of-type="SingleLine.Text" usage="bound" required="false" /><property name="FilterTrigger" display-name-key="FilterTrigger" description-key="Toggles when filter is clicked" of-type="TwoOptions" usage="bound" required="false" /><property name="MicTrigger" display-name-key="MicTrigger" description-key="Toggles when mic is clicked" of-type="TwoOptions" usage="bound" required="false" /><resources><code path="bundle.js" order="1" /><platform-library name="React" version="16.14.0" /><platform-library name="Fluent" version="9.46.2" /><css path="css/SearchComponent.css" order="1" /></resources><feature-usage /><built-by name="pac" version="1.51.1" /></control></manifest>