<manifest><control namespace="Hayyak" constructor="Advertisement" version="0.0.1" display-name-key="Advertisement" description-key="Advertisement description" control-type="virtual" api-version="1.3.18"><external-service-usage enabled="false" /><property name="title" display-name-key="Title" description-key="Title of the advertisement" of-type="SingleLine.Text" usage="bound" required="false" /><property name="description" display-name-key="Description" description-key="Description of the advertisement" of-type="Multiple" usage="bound" required="false" /><property name="backgroundImage" display-name-key="Background Image" description-key="URL or Base64 of the background image" of-type="Multiple" usage="bound" required="false" /><property name="logoImage" display-name-key="Logo Image" description-key="URL or Base64 of the logo image" of-type="Multiple" usage="bound" required="false" /><resources><code path="bundle.js" order="1" /><platform-library name="React" version="16.14.0" /><platform-library name="Fluent" version="9.46.2" /><css path="css/Advertisement.css" order="1" /></resources><feature-usage /><built-by name="pac" version="1.51.1" /></control></manifest>