<manifest><control namespace="buttonoptions" constructor="buttonoptions" version="0.0.1" display-name-key="buttonoptions" description-key="buttonoptions description" control-type="virtual" api-version="1.3.18"><external-service-usage enabled="false" /><property name="ButtonLabel" display-name-key="Button Label" description-key="Button Label" of-type="SingleLine.Text" usage="bound" required="true" /><property name="ButtonIcon" display-name-key="Button Icon" description-key="SVG or Image URL for the button icon" of-type="SingleLine.Text" usage="bound" required="false" /><property name="OptionsList" display-name-key="Options List" description-key="JSON list of options" of-type="SingleLine.Text" usage="bound" required="true" /><property name="SelectedOption" display-name-key="Selected Option" description-key="The ID or name of the selected option" of-type="SingleLine.Text" usage="output" /><resources><code path="bundle.js" order="1" /><platform-library name="React" version="16.14.0" /><platform-library name="Fluent" version="9.46.2" /><css path="css/buttonoptions.css" order="1" /></resources><feature-usage /><built-by name="pac" version="1.51.1" /></control></manifest>