<manifest><control namespace="HayyakPCFComponents" constructor="MyLeaves" version="0.0.4" display-name-key="MyLeaves" description-key="MyLeaves description" control-type="virtual" api-version="1.3.18"><external-service-usage enabled="false" /><property name="title" display-name-key="Title_Key" description-key="Title_Desc_Key" of-type="SingleLine.Text" usage="input" required="true" default-value="My Leaves" /><property name="viewAllClickTrigger" display-name-key="View_All_Click_Trigger_Key" description-key="View_All_Click_Trigger_Desc_Key" of-type="Whole.None" usage="output" /><data-set name="leaveData" display-name-key="Leave_Data_Key"><property-set name="leaveName" display-name-key="Leave_Name_Key" description-key="Leave_Name_Desc_Key" of-type="SingleLine.Text" usage="bound" required="true" /><property-set name="leaveUsed" display-name-key="Leave_Used_Key" description-key="Leave_Used_Desc_Key" of-type="Whole.None" usage="bound" required="true" /><property-set name="leaveTotal" display-name-key="Leave_Total_Key" description-key="Leave_Total_Desc_Key" of-type="Whole.None" usage="bound" required="true" /></data-set><resources><code path="bundle.js" order="1" /><platform-library name="React" version="16.14.0" /><css path="css/MyLeaves.css" order="1" /></resources><feature-usage /><built-by name="pac" version="1.51.1" /></control></manifest>