<manifest><control namespace="DynamicForms" constructor="DynamicFormControl" version="0.0.14" display-name-key="DynamicFormControl" description-key="DynamicFormControl description" control-type="virtual" api-version="1.3.18"><external-service-usage enabled="false" /><property name="FormConfig" display-name-key="Form Configuration" description-key="JSON configuration defining the form fields and layout" of-type="SingleLine.Text" usage="input" required="true" /><property name="FormData" display-name-key="Form Data" description-key="JSON object containing form field values" of-type="SingleLine.Text" usage="bound" required="false" /><property name="FormValidity" display-name-key="Form Validity" description-key="Boolean indicating whether all form validations pass" of-type="TwoOptions" usage="output" required="false" /><property name="Columns" display-name-key="Columns" description-key="Number of columns (1, 2, 3 or auto)" of-type="SingleLine.Text" usage="input" required="false" /><property name="FormMode" display-name-key="Form Mode" description-key="Mode of the form: new, edit, or view" of-type="SingleLine.Text" usage="input" required="true" /><property name="ResetForm" display-name-key="Reset Form" description-key="Change this value to reset the form to default values" of-type="SingleLine.Text" usage="input" required="false" /><resources><code path="bundle.js" order="1" /><platform-library name="React" version="16.8.6" /><platform-library name="Fluent" version="8.29.0" /><css path="css/DynamicFormControl.css" order="1" /></resources><feature-usage /><built-by name="pac" version="1.51.1" /></control></manifest>