<?xml version="1.0" encoding="UTF-8" standalone="yes"?>
<manifest>
  <control namespace="ministepperbar" constructor="ministepperbar" version="0.0.3" display-name-key="ministepperbar" description-key="ministepperbar description" control-type="virtual" api-version="1.3.18">
    <external-service-usage enabled="false"/>
    <property name="items" display-name-key="Items" description-key="JSON string of items (Id, Title)" of-type="SingleLine.Text" usage="input" required="true"/>
    <property name="selectedId" display-name-key="Selected Id" description-key="Id of the currently selected item" of-type="SingleLine.Text" usage="bound" required="false"/>
    <property name="fontSize" display-name-key="Font Size" description-key="Font size in pixels" of-type="Whole.None" usage="input" required="false" default-value="14"/>
    <property name="fontColor" display-name-key="Font Color" description-key="Font color (hex or name)" of-type="SingleLine.Text" usage="input" required="false" default-value="#5E5A6A"/>
    <property name="selectedHierarchy" display-name-key="Selected Hierarchy" description-key="Input to optionally set the selected step by ID" of-type="SingleLine.Text" usage="input" required="false"/>
    <resources>
      <code path="bundle.js" order="1"/>
      <platform-library name="React" version="16.14.0"/>
      <platform-library name="Fluent" version="9.46.2"/>
    </resources>
    <feature-usage/>
    <built-by name="pac" version="1.51.1"/>
  </control>
</manifest>