<manifest><control namespace="IframeGallery" constructor="IframeGalleryControl" version="0.0.10" display-name-key="IframeGalleryControl" description-key="IframeGalleryControl description" control-type="standard" api-version="1.3.18"><external-service-usage enabled="false" /><property name="sampleProperty" display-name-key="Property_Display_Key" description-key="Property_Desc_Key" of-type="SingleLine.Text" usage="bound" required="true" /><property name="webResourceUrl" display-name-key="Web Resource URL" description-key="URL of the HTML web resource (e.g., /WebResources/abc_gallery.html)" of-type="SingleLine.Text" usage="input" required="true" /><property name="columnsJson" display-name-key="Columns JSON" description-key="JSON array defining columns: [{key, label, type}]" of-type="SingleLine.Text" usage="input" required="true" /><property name="dataJson" display-name-key="Push Table JSON" description-key="JSON of the Source for the gallery" of-type="SingleLine.Text" usage="input" required="true" /><property name="PageSize" display-name-key="Page Size" description-key="Rows per page" of-type="Whole.None" usage="input" required="true" /><property name="StatusFilterTypes" display-name-key="Status Filter JSON" description-key="Status Filter" of-type="SingleLine.Text" usage="input" required="false" /><property name="uiConfig" display-name-key="UI Config JSON" description-key="JSON configuration for gallery UI" of-type="SingleLine.Text" usage="input" required="false" /><property name="TabsConfig" display-name-key="Tabs Configuration" description-key="Dynamic tabs configuration" of-type="SingleLine.Text" usage="input" required="false" /><property name="selectedRecordJson" display-name-key="Selected Record JSON" description-key="JSON of the first selected record from the gallery" of-type="SingleLine.Text" usage="output" required="false" /><property name="actionType" display-name-key="Action Type" description-key="Type of action performed" of-type="SingleLine.Text" usage="output" required="false" /><resources><code path="bundle.js" order="1" /></resources><feature-usage /><built-by name="pac" version="1.51.1" /></control></manifest>