<?xml version="1.0" encoding="UTF-8" standalone="yes"?>
<manifest>
  <control namespace="buttonPCF" constructor="buttonPCF" version="0.0.10" display-name-key="buttonPCF" description-key="buttonPCF description" control-type="virtual" api-version="1.3.18">
    <external-service-usage enabled="false"/>
    <property name="Label" display-name-key="Label" description-key="Label text for the button" of-type="SingleLine.Text" usage="bound" required="true"/>
    <property name="BackgroundColor" display-name-key="Background Color" description-key="Background color of the button" of-type="SingleLine.Text" usage="bound" required="false"/>
    <property name="TextColor" display-name-key="Text Color" description-key="Text color of the button" of-type="SingleLine.Text" usage="bound" required="false"/>
    <property name="FontFamily" display-name-key="Font Family" description-key="Font family for the button text" of-type="SingleLine.Text" usage="bound" required="false"/>
    <property name="IconSvg" display-name-key="Icon SVG" description-key="Raw SVG string for the icon" of-type="SingleLine.TextArea" usage="bound" required="false"/>
    <property name="ButtonWidth" display-name-key="Button Width" description-key="Width of the button in pixels" of-type="Whole.None" usage="bound" required="false"/>
    <property name="ButtonHeight" display-name-key="Button Height" description-key="Height of the button in pixels" of-type="Whole.None" usage="bound" required="false"/>
    <property name="BorderRadius" display-name-key="Border Radius" description-key="Border radius in pixels" of-type="Whole.None" usage="bound" required="false"/>
    <property name="FontSize" display-name-key="Font Size" description-key="Font size in pixels" of-type="Whole.None" usage="bound" required="false"/>
    <property name="HoverBackgroundColor" display-name-key="Hover Background Color" description-key="Background color on hover" of-type="SingleLine.Text" usage="bound" required="false"/>
    <property name="FontWeight" display-name-key="Font Weight" description-key="Font weight for the text (e.g. bold, 600, normal)" of-type="SingleLine.Text" usage="bound" required="false"/>
    <property name="BorderColor" display-name-key="Border Color" description-key="Border color of the button" of-type="SingleLine.Text" usage="bound" required="false"/>
    <property name="DisplayMode" display-name-key="Display Mode" description-key="Display mode of the button (Edit, View, Disabled)" of-type="Enum" usage="bound" required="false">
      <value name="Edit" display-name-key="Edit" default="true">Edit</value>
      <value name="View" display-name-key="View">View</value>
      <value name="Disabled" display-name-key="Disabled">Disabled</value>
    </property>
    <property name="DisabledBackgroundColor" display-name-key="Disabled Background Color" description-key="Background color when the button is disabled" of-type="SingleLine.Text" usage="bound" required="false"/>
    <property name="DisabledFontColor" display-name-key="Disabled Font Color" description-key="Font color when the button is disabled" of-type="SingleLine.Text" usage="bound" required="false"/>
    <property name="Trigger" display-name-key="Trigger" description-key="Increments on every click" of-type="Whole.None" usage="output" required="false"/>
    <resources>
      <code path="bundle.js" order="1"/>
      <platform-library name="React" version="16.14.0"/>
      <platform-library name="Fluent" version="9.46.2"/>
    </resources>
    <feature-usage/>
    <built-by name="pac" version="1.51.1"/>
  </control>
</manifest>